"DiversityCoeff","DiversityIntercept"
0.00290718953915197,0.19799510475532
